<?xml version="1.0" encoding="UTF-8"?>
<project-private xmlns="http://www.netbeans.org/ns/project-private/1">
    <editor-bookmarks xmlns="http://www.netbeans.org/ns/editor-bookmarks/2" lastBookmarkId="0"/>
    <open-files xmlns="http://www.netbeans.org/ns/projectui-open-files/2">
        <group>
            <file>file:/F:/Java%20(Netbeans)/Gato%20Grafico/TresEnRayaG/src/tresenrayag/Juego.java</file>
            <file>file:/F:/Java%20(Netbeans)/Gato%20Grafico/TresEnRayaG/src/tresenrayag/TresEnRayaG.java</file>
            <file>file:/F:/Java%20(Netbeans)/Gato%20Grafico/TresEnRayaG/src/tresenrayag/Menu.java</file>
        </group>
    </open-files>
</project-private>
